name,vicinity,place_id,lat,lng
Starbucks,"Blvd. José Limon Lote D, Parque Canacintra I, Humaya, Culiacán Rosales",ChIJ8Z9k3XXavIYRukfkt1yXLAM,24.8140229,-107.4136996
Carl's Jr.,"Blvd. José Limon 931, Infonavit Humaya, Parque Canacintra I, Culiacán Rosales",ChIJmQnR7MDbvIYR9KL1xaBYHpk,24.8147161,-107.414442
Lowe's Home Improvement,"16510 Southwest Fwy, Sugar Land",ChIJU_QttrvmQIYR-ghUilA8Rng,29.593561,-95.63178700000002
Lowe's Home Improvement,"28005 Southwest Fwy, Rosenberg",ChIJjagRYnscQYYReBiNtXAa3Jw,29.5297948,-95.80646689999999
Lowe's Home Improvement,"4645 Beechnut St, Houston",ChIJj0SQA-jBQIYR4JEnNTT-FyE,29.687873,-95.45631
Lowe's Home Improvement,"19935 Katy Fwy, Houston",ChIJrV6cdpbYQIYRvmjDWGkQcsY,29.782991,-95.713652
Lowe's Home Improvement,"2610 S Kirkwood Rd, Houston",ChIJsVS7LOzcQIYRStMKCR3XPms,29.735016,-95.591504
Lowe's Home Improvement,"9640 Katy Rd, Houston",ChIJNaeOepLEQIYR_sdjKkf7Dm0,29.7864116,-95.528157
Lowe's Home Improvement,"9505 Spring Green Blvd, Katy",ChIJiWy-UCgiQYYRNbQ0CnvAkwE,29.6994567,-95.81580819999999
Lowe's Home Improvement,"3807 FM 1092 Rd, Missouri City",ChIJcbNAM_blQIYRQ_hfRRH2xqw,29.566841,-95.561858
Lowe's Home Improvement,"200 TX-332, Lake Jackson",ChIJzWZckcJDQIYRTs6Tetg0Lj8,29.0420627,-95.4559173
Lowes Family Center #115,"833 Dill St, East Bernard",ChIJ9VGmtC5tQYYRH0sEZ9zp3to,29.5217303,-96.0678782
Lowe's Rental,"28005 Southwest Fwy, Rosenberg",ChIJY4ywNmYdQYYRIk4Zz6sAJ6E,29.5296865,-95.80536599999999
Lowe's ProServices,"9505 Spring Green Blvd, Katy",ChIJ1Wn0sykiQYYRr9XgQBItnCs,29.6994138,-95.8159518
Lowe's ProServices,"4645 Beechnut St, Houston",ChIJi3BjUN3BQIYRWruYvCw3A3k,29.687576,-95.456738
Lowe's Rental,"3807 1092 Rd, Missouri City",ChIJ5ZXLEwHlQIYRKaqg1Z57gtQ,29.5665089,-95.561099
Lowe's ProServices,"28005 Southwest Fwy, Rosenberg",ChIJaaMef3scQYYRzYjyMLKwNdY,29.52941389999999,-95.8062315
Lowe's ProServices,"2610 S Kirkwood Rd, Houston",ChIJvZTp2O3cQIYRrxiwPgya934,29.7349652,-95.5916396
Lowe's ProServices,"19935 Katy Fwy, Houston",ChIJiW-3wpXYQIYREl1IV_Xmt4c,29.7830118,-95.7134914
Lowe's Garden Center,"9505 Spring Green Blvd, Katy",ChIJhRpzsykiQYYRfj4ZUoUou-4,29.6990013,-95.8155764
Lowe's Market,"3214 School St, Needville",ChIJ7-sVSTwEQYYRot--1Ko4VXc,29.398969,-95.8385569
Lowe's ProServices,"9640 Katy Fwy, Houston",ChIJvVXIqY3EQIYRD7pGrWrQDQQ,29.7861224,-95.5284621
Lowe's ProServices,"16510 Southwest Fwy, Sugar Land",ChIJpcicz7vmQIYRl9c1NjjEhYc,29.5935496,-95.6320381
Lowe's ProServices,"3807 FM 1092 Rd, Missouri City",ChIJC-J63vflQIYRtKdK766lE0M,29.5661846,-95.5629597
Lowe's Garden Center,"9640 Old Katy Rd, Houston",ChIJk68qu43EQIYRd3G6iCVstCw,29.7860624,-95.52837400000001
Lowe's Garden Center,"2610 S Kirkwood Rd, Houston",ChIJi8va0O3cQIYRbg8Vy9xBwbY,29.7349999,-95.5915249
Lowe's Garden Center,"3807 FM 1092 Rd, Missouri City",ChIJ0ZTg3vflQIYRE4Dp08VCrgc,29.566913,-95.5619443
Lowe's Garden Center,"28005 Southwest Fwy, Rosenberg",ChIJQXk7eXscQYYRDGJzTmwdK7U,29.5297439,-95.8070908
Lowe's ProServices,"200 TX-332 #200, Lake Jackson",ChIJkTtUnMJDQIYR7_VzFH505fw,29.04210089999999,-95.45663239999999
Lowe's Garden Center,"200 TX-332 #200, Lake Jackson",ChIJa2KLIOhDQIYRlXg8CG7ILX8,29.0415426,-95.4559859
Lowe's Garden Center,"16760 Southwest Fwy, Sugar Land",ChIJ83gWxLvmQIYRDxfCm03Q-Gc,29.5934828,-95.6309984
Lowe's Garden Center,"19935 Katy Fwy, Houston",ChIJVXEb3pXYQIYRuEG83xZ-ycg,29.7833308,-95.71419209999999
Lowe's Garden Center,"4645 Beechnut St, Houston",ChIJIR_jUN3BQIYRAYdJgybALFM,29.6883903,-95.4567759
Lowe's Market,"833 Dill St, East Bernard",ChIJw8pS6MATQYYRWEMF-gwcGeA,29.5217111,-96.0678882
Lowe's Pro Supply | Houston,"6910 Brasada Dr, Houston",ChIJt8uS9tvnQIYRd7_ajK1w3-4,29.6156416,-95.4871867
The Home Depot,"5900 Hwy 6, Missouri City",ChIJ6UkRk_DlQIYR8ISOHAXI5DQ,29.56738469999999,-95.56883789999999
The Home Depot,"5445 W Loop S, Houston",ChIJr10yV3XBQIYRZZobwszNLK4,29.7233603,-95.4572815
The Home Depot,"100 Abner Jackson Pkwy, Lake Jackson",ChIJcxiDr-lDQIYRX6e_ggvgkYM,29.0439338,-95.4585723
The Home Depot,"8400 Katy Fwy, Houston",ChIJF7CsMBHEQIYRtZduEG3MhNM,29.7862945,-95.4935373
Walmart Garden Center,"16759 LA-3235, Galliano",ChIJzWrYauT0IIYRENm3gjQvb_0,29.4706746,-90.32440319999999
Walmart Garden Center,"4858 LA-1, Raceland",ChIJO8waYtfjIIYR6WYn339sdhk,29.6909502,-90.55429679999999
Walmart Supercenter,"16759 LA-3235, Galliano",ChIJPaokBauKIIYRTX-CbdkmkGo,29.4706746,-90.32440319999999
Walmart Supercenter,"4858 LA-1, Raceland",ChIJf5k6XdjjIIYRr9OYZqS50HM,29.6913299,-90.5541229
Tractor Supply Co.,"414 E Pine St, Deming",ChIJQ9AVBfbD3oYRcqxthfAuAJg,32.2685041,-107.7541832
Walmart Garden Center,"1021 E Pine St, Deming",ChIJR1XFpu7D3oYRMw0CXH4WVJQ,32.2705495,-107.7471513
Foxworth-Galbraith Home Improvement Center,"115 N Pearl St, Deming",ChIJUyC08PHD3oYRaFj_Q3dy2To,32.2704911,-107.7523365
Walmart Supercenter,"1021 E Pine St, Deming",ChIJFycg7u7D3oYRa6SOEXybTMA,32.2705495,-107.7471513
Howard's Maytag Home Appliance,"1022 S Pearl St, Deming",ChIJDVWVquTD3oYRFe2mhJKTYq0,32.259369,-107.7517842
Lowe's Home Improvement,"3315 N Loop 250 W, Midland",ChIJLSKymWHZ-4YRHOWx4Y80rws,32.013654,-102.160774
Lowe's ProServices,"3315 N Loop 250 W, Midland",ChIJX7vsoWHZ-4YREHZDJdcOEt8,32.0140218,-102.1602263
Lowe's Market,"501 Birdwell Ln, Big Spring",ChIJxUkjXSQj-YYRS87GaNcrOGg,32.2573547,-101.452775
Lowe's Market,"703 E Front St, Midland",ChIJL-blXmxj-YYRK1ak0ThbjeE,32.0004538,-102.0667477
Lowe's Garden Center,"3315 N Loop 250 W, Midland",ChIJI6HyoWHZ-4YRYoJnMJYkwGg,32.0126984,-102.1604669
The Home Depot,"4009 Midland Dr, Midland",ChIJjQEf5mPZ-4YR4y0etsIsgRc,32.0225814,-102.146862
Garden Center at The Home Depot,"4009 Midland Dr, Midland",ChIJ-RMjz0PZ-4YRWyJBaXQYZwo,32.0224584,-102.1469387
Big Lots,"4715 Billingsley Blvd C, Midland",ChIJC2VHWy7Z-4YRTJ_iUFkCQeU,32.0359704,-102.1273057
Walmart Garden Center,"4517 Midland Dr, Midland",ChIJGyGgf0XZ-4YRrsiZdc-dgVs,32.0297396,-102.1486214
Walmart Supercenter,"4517 Midland Dr, Midland",ChIJg44OgE_Z-4YRBkGCT8UBy7s,32.0297396,-102.1486214
Walmart Garden Center,"200 I-20, Midland",ChIJIxQAQKdi-YYREC6XXdH1qos,31.9746483,-102.0708362
Tractor Supply Co.,"2110 Rankin Hwy, Midland",ChIJWS4v4gvY-4YRy8nqPPqMZVA,31.9754087,-102.0767884
Walmart Supercenter,"200 I-20, Midland",ChIJvbBNXadi-YYRi7BTKkbUdC8,31.9746483,-102.0708362
Westlake Ace Hardware,"1004 Andrews Hwy, Midland",ChIJDco5Mf_Y-4YRVT2D_gwIWzc,32.001883,-102.112239
Lowe's Home Improvement,"201 W Main St, Gun Barrel City",ChIJ7dE4CLMjSYYR6ZFRbkHmZ3I,32.3288841,-96.1139907
Lowe's Home Improvement,"2715 TX-256 Loop, Palestine",ChIJcY6bN1RkSIYRegIvuUCiygc,31.735144,-95.62080399999999
Lowe's ProServices,"2715 South, 2715 TX-256 Loop, Palestine",ChIJk2ReH19kSIYRHw-V-Szq0JI,31.7351615,-95.62084259999999
Lowe's ProServices,"201 W Main St, Gun Barrel City",ChIJIYmElbMjSYYRBfURX9Gp_0Y,32.3285374,-96.1140789
Lowe's Garden Center,"201 W Main St, Gun Barrel City",ChIJT-7vwbMjSYYRqA9iBUS84J4,32.3286129,-96.1141942
Lowe's Garden Center,"2715 TX-256 Loop, Palestine",ChIJt8o1H19kSIYR-Ejy-hXFbhk,31.7351425,-95.6208649
The Home Depot,"Home Depot, 2290 I-45, Corsicana",ChIJX-HR5_csT4YRRZSbaV3y7ek,32.0654694,-96.44962369999999
Lowe's Home Improvement,"2250 Greenway Dr, Jackson",ChIJl7mKYLc1KIYR-6DIm_IbDgw,32.2921232,-90.2716202
Lowe's Garden Center,"2250 Greenway Dr, Jackson",ChIJZY_-wbk1KIYRqFYyO5AiGAo,32.2916285,-90.2718752
Lowe's ProServices,"2250 Greenway Dr, Jackson",ChIJIWGa6bk1KIYR4EvopC92c54,32.2921709,-90.27222809999999
The Home Depot,"101 Stribling Rd, Brookhaven",ChIJr3rRPwjXJ4YRlx7ubD0JqnM,31.5805022,-90.4773506
The Home Depot,"200 Orleans Way, Brandon",ChIJ2ZdwydIrKIYRQZ3Sue44NX0,32.2751013,-90.0378397
The Home Depot,"5000 Hampstead Blvd, Clinton",ChIJDZ_z741KKIYRAQPPhGPZQWc,32.32831,-90.32162900000002
Lowe Cemetery,"Lowe Cemetery Rd, Hazlehurst",ChIJeW_PxxQFKIYRt78xVfcMkYk,31.76011339999999,-90.1437765
Revell Ace Hardware,"1899 US 49, Florence",ChIJHWjX_OUvKIYRn6A8ZF3Jh8I,32.1913224,-90.1407916
Home Outlet,"440 US-80, Jackson",ChIJLZZ7Z_3SKYYRK-VxKJf0BbY,32.2846676,-90.1943986
Lowe's Home Improvement,"1200 N Westover Blvd, Albany",ChIJpXOcsUF88ogRfU5_0zVSsfM,31.6142935,-84.2100607
Lowe's Home Improvement,"1700 E Lamar St, Americus",ChIJdwLGTUdX8ogRTaMsJFawIEo,32.06378,-84.199691
Lowe's ProServices,"1200 N Westover Blvd, Albany",ChIJR48kAkF88ogRDrRVzw80HPw,31.6147453,-84.20920939999999
Lowe's ProServices,"1700 E Lamar St, Americus",ChIJi3fzbkdX8ogRL9GRaOyPtf4,32.0640287,-84.19972159999999
Lowe's Garden Center,"1700 E Lamar St, Americus",ChIJmy_NXEdX8ogRQSSAM8F_hLI,32.0639641,-84.1997159
Lowe's Garden Center,"1200 N Westover Blvd, Albany",ChIJIQbVHEF88ogRqsO-qHmpUzE,31.6143969,-84.2099288
Lowe Electric Supply Co.,"1150 Gillionville Rd, Albany",ChIJfUB_sVN58ogRHUzO7l9mxf4,31.5793292,-84.1821147
Lowe-Moon Forest Products Inc,"125 4th Ave, Buena Vista",ChIJU7frDgMc84gRF6YtEJAxpuw,32.3190182,-84.5187103
Installation Services,"1200 N Westover Blvd, Albany",ChIJVVVVAkF88ogR1Umt19OpfQQ,31.6145969,-84.21042299999999
The Home Depot,"1219 N Westover Blvd, Albany",ChIJjeSg_UF88ogRp1gNmW3c3VE,31.6166829,-84.206452
Lowe's Home Improvement,"301 W Gonzales Rd, Oxnard",ChIJyfSzuklM6IARmV4QS7N_s88,34.2203216,-119.1795959
Lowe's Home Improvement,"500 S Mills Rd, Ventura",ChIJtZAcCE6t6YARIBL0__OVuX0,34.2658526,-119.2447488
Lowe's Home Improvement,"1275 Simi Town Center Way, Simi Valley",ChIJaRi-n7cu6IARnv7GtkXUg2k,34.285698,-118.775323
Lowe's Home Improvement,"1027 Academy Dr, Thousand Oaks",ChIJuzKXFRox6IAR_ycuqaO7Erc,34.1927347,-118.9403372
Lowe's ProServices,"1275 Simi Town Center Way, Simi Valley",ChIJkRBKKLcu6IARYoCk_aYDZpA,34.2857312,-118.7752792
Lowe's ProServices,"301 W Gonzales Rd, Oxnard",ChIJ54--1UtM6IARwi3M5yI_wPg,34.2207839,-119.1794861
Lowe's ProServices,"500 S Mills Rd, Ventura",ChIJWUfP-k2t6YARzY8L7XcVpdE,34.2668964,-119.2450492
Lowe's ProServices,"1027 Academy Dr, Thousand Oaks",ChIJGYY1qFIx6IARhq7GlitvV_0,34.1919311,-118.9383805
Lowe's Garden Center,"301 W Gonzales Rd, Oxnard",ChIJS_xL0UtM6IARBgv9iRz0pMQ,34.2199463,-119.1795041
Lowe's Garden Center,"500 S Mills Rd, Ventura",ChIJR0yf-k2t6YARnYDJjz1z390,34.2653327,-119.2446176
Lowe's Garden Center,"1275 Simi Town Center Way, Simi Valley",ChIJ8zJLN7cu6IAR7s_3KomKRV8,34.2854008,-118.7762778
Santa Barbara Home Improvement Ctr,"415 E Gutierrez St, Santa Barbara",ChIJB2MtM4QT6YARg6YEksxOZXw,34.4208133,-119.6896862
The Home Depot,"401 W Esplanade Dr, Oxnard",ChIJ29im81ZM6IAR4-VTa077qWc,34.2355285,-119.1779623
The Home Depot,"575 Cochran St, Simi Valley",ChIJeQU2Vr4u6IARUxpDs8HkczQ,34.281166,-118.7864361
The Home Depot,"401 W Ventura Blvd, Camarillo",ChIJgeOp145J6IARsb0RsceAcAc,34.217661,-119.0778176
Lowe's Market,"100 SE 2nd St, Tulia",ChIJ2_XdSz2ZAYcRg1IicgUk6yM,34.5352232,-101.764328
Lowe's Market,"220 S 2nd St, Floydada",ChIJx_xumKoqAIcRxfIEN3yTuOM,33.983549,-101.3414539
Lowe's Market,"103 W Belsher St, Dimmitt",ChIJ73qAiAgzAocRQJUBFT6H7UI,34.547994,-102.3137502
Lowe's Market,"622 Ave G, Hale Center",ChIJX_wm2f7kAYcR_NuVTubsH8I,34.0640735,-101.8461677
Walmart Supercenter,"1501 I-27, Plainview",ChIJy0gw93fpAYcREeqOLlNQeso,34.1959782,-101.7532754
Walmart Garden Center,"1501 I-27, Plainview",ChIJf2BO8XfpAYcRhLGXlolw8kA,34.1959782,-101.7532754
Sutherlands HomeBase,"2801 Dimmitt, Plainview",ChIJqdua5lbpAYcR8Hyboo3lC6c,34.2085113,-101.7355957
Tractor Supply Co.,"1001 27th Street Ste 1, Plainview",ChIJn4DvhHXpAYcRSLp7TFUDmxg,34.1894818,-101.753768
Lowe's Home Improvement,"720 University Pl, Durant",ChIJz2Ct9QmgTIYRGXIj0TWc4z8,34.003582,-96.408859
Lowe's Garden Center,"720 University Pl, Durant",ChIJZ1rvGAqgTIYRdVJKOwp1PZk,34.0033069,-96.4095912
Lowe's ProServices,"720 University Pl, Durant",ChIJ2XQaGQqgTIYRui_YdHGeikc,34.0036264,-96.40885949999999
Lowe’s Auto Recon,"254 US-69, Atoka",ChIJma9ZXaG1tIcRYDR-Bhv5KIE,34.3988505,-96.1188846
Walmart,"1983 S Mississippi Ave, Atoka",ChIJoXiR7ru0tIcR83RrP7lXI0c,34.36621179999999,-96.142656
Lowe's Home Improvement,"1135 MS-6, Batesville",ChIJ90xVK10bgIgRbVjwA3Ef1mA,34.311742,-89.909447
Lowe's ProServices,"1135 MS-6 East, Batesville",ChIJT96vB0EbgIgRFGeZcxzDA8Y,34.3117049,-89.90944239999999
Lowe's Garden Center,"1135 MS-6, Batesville",ChIJiSllNUAbgIgRi5puvWDwOvM,34.3113823,-89.91018000000001
Lowe Mountain,"Lowe Mountain, Mississippi 38606, United States",ChIJa6-yPpUSgIgRXh0nkqllQoI,34.3095521,-89.7206427
Lotts Ace Hardware,"139 U.S. Hwy 51, Batesville",ChIJA0wXp7gcgIgR2qX6jxiWaCY,34.314696,-89.94424099999999
Lowe's Home Improvement,"575 Molly Ln, Woodstock",ChIJeXjSpJ9r9YgR2rdcupdtQng,34.0818454,-84.53977689999999
Lowe's Home Improvement,"3250 Cobb Pkwy NW, Kennesaw",ChIJESb8K1k_9YgRPQgxfmViupM,34.0356294,-84.6729263
Lowe's Home Improvement,"2035 Beaver Ruin Rd, Norcross",ChIJaedmQfej9YgRWWbU4l14bF8,33.9319905,-84.17556820000001
Lowe's Home Improvement,"3580 Peachtree Pkwy, Suwanee",ChIJc_miqT2Z9YgRZKStOyQvdsY,34.0732465,-84.16789039999999
Lowe's Home Improvement,"3260 Lawrenceville-Suwanee Rd, Suwanee",ChIJldH2MzaW9YgRi2N_RJtOeSo,34.0362225,-84.0550512
Lowe's Home Improvement,"2650 Dallas Hwy W, Marietta",ChIJMW-oanU-9YgRUdWCtGNSPNw,33.9486418,-84.62805449999999
Lowe's Home Improvement,"1955 Buford Mill Dr, Buford",ChIJ85U6-XCU9YgRnSpEUlaTKkM,34.0869978,-83.98762219999999
Lowe's Home Improvement,"4925 Windward Pkwy, Alpharetta",ChIJQZYPiPN19YgR_IV9Cu5fdUY,34.0945109,-84.2817051
Lowe's Home Improvement,"2044 Cumming Hwy, Canton",ChIJMWMh3hZl9YgRPpjAd0ig0ww,34.2339215,-84.45401040000002
Lowe's Home Improvement,"1514 Skelton Rd, Gainesville",ChIJZ5IZO5729YgRYctoj5aYa8o,34.290501,-83.8489393
Lowe's Home Improvement,"935 Market Pl Blvd, Cumming",ChIJ6_5nGdGa9YgRrEqIAdg5gkc,34.183362,-84.133168
Lowe's Home Improvement,"10580 Duke Dr, Alpharetta",ChIJfSOk19509YgRdl1yo4ff1nA,34.0376586,-84.3182099
Lowe's Home Improvement,"301 Market Pl Blvd, Cartersville",ChIJ4_YDd-xP9YgRL_i9IhG_Nj0,34.2000703,-84.7889247
Lowe's Home Improvement,"380 Highland Crossing, East Ellijay",ChIJp17mzAKXX4gR9JIO-pWPUtU,34.6600646,-84.4872817
Lowe's ProServices,"2035 Beaver Ruin Rd, Norcross",ChIJ-xzFV_ej9YgRzpo4Biy3a3g,33.9322153,-84.1748214
Lowe's ProServices,"2650 Dallas Hwy SW, Marietta",ChIJx4ekOHU-9YgR27ZcOcvhxJw,33.9483014,-84.62732249999999
Lowe's ProServices,"3260 Lawrenceville-Suwanee Rd, Suwanee",ChIJ9-Gf6kuW9YgRXKudNOs5iIE,34.0362492,-84.05451409999999
Lowe's ProServices,"3250 Cobb Pkwy NW, Kennesaw",ChIJMaoAIl8_9YgRrrrh-0km0TE,34.0356529,-84.6727574
Lowe's ProServices,"4925 Windward Pkwy, Alpharetta",ChIJp95iQe519YgRvWVNlr2QxC4,34.0937266,-84.2816295
Lowe's ProServices,"3580 Peachtree Pkwy, Suwanee",ChIJM4BK9DyZ9YgRB3EC0ovo8HE,34.0733063,-84.16832509999999
Lowe's ProServices,"575 Molly Ln, Woodstock",ChIJoQX5x55r9YgRYE-Owa3BuR4,34.0814611,-84.53926829999999
Lowe's ProServices,"10580 Duke Dr, Alpharetta",ChIJIQuh6dt09YgRJYlExxvTjSE,34.0376459,-84.3182811
Lowe's ProServices,"1514 Skelton Rd, Gainesville",ChIJoSOwVyD09YgRH1tcFD8-SOM,34.2904871,-83.8494654
Lowe's ProServices,"1955 Buford Mill Dr, Buford",ChIJP8H4-HCU9YgRlZuJ4UquPXM,34.0871065,-83.98716329999999
Lowe's Garden Center,"380 Highland Crossing, East Ellijay",ChIJJ_uHktCWX4gREtZYate5pWk,34.6601394,-84.487016
Lowe's Garden Center,"3250 Cobb Pkwy NW, Kennesaw",ChIJP6TZI18_9YgRsxgd5vsTobE,34.0356561,-84.67296979999999
Lowe's Garden Center,"3260 Lawrenceville-Suwanee Rd, Suwanee",ChIJm5Gzv0uW9YgRsXdsstUfR6Y,34.0355067,-84.0542822
Lowe's ProServices,"380 Highland Crossing, East Ellijay",ChIJAVGwl9CWX4gRboycEszfUoM,34.6599311,-84.4869331
Lowe's Garden Center,"4925 Windward Pkwy, Alpharetta",ChIJBS3QRu519YgRHgNDSH-17io,34.0945273,-84.2820953
Lowe's Rental,"3260 Lawrenceville-Suwanee Rd, Suwanee",ChIJ4y6jGAqX9YgRZ7LMTwd0iNA,34.0370462,-84.055011
Lowe's ProServices,"301 Market Pl Blvd, Cartersville",ChIJZ61MnuxP9YgR8pECM8fm2I4,34.20054289999999,-84.789008
Lowe's ProServices,"935 Market Pl Blvd, Cumming",ChIJwcaC19Ga9YgR6MZWNnndYxU,34.182967,-84.1334897
Lowe's Rental,"1955 Buford Mill Dr, Buford",ChIJ54p3M66V9YgRFFtDW10YC8k,34.0879182,-83.98720589999999
Lowe's Garden Center,"575 Molly Ln, Woodstock",ChIJwdu5z55r9YgRCeo9xOAYT5M,34.0818357,-84.5400902
Lowe's Garden Center,"2650 Dallas Hwy. S.W., 2650 Dallas Hwy, Marietta",ChIJo4S6OXU-9YgRf3T3fNvgkfE,33.9482958,-84.6288575
Lowe's Garden Center,"301 Market Pl Blvd, Cartersville",ChIJG6hknOxP9YgRWpgXZRpLeEk,34.1998142,-84.7891391
Lowe's Garden Center,"10580 Duke Dr, Alpharetta",ChIJhRBQ6tt09YgRth91QhJBvLk,34.03786340000001,-84.3191861
Lowe's ProServices,"2044 Cumming Hwy, Canton",ChIJLXkI_ztl9YgRsb76J8Gx4vs,34.2342112,-84.4530971
Lowe's Garden Center,"1955 Buford Mill Dr, Buford",ChIJKb5urHGU9YgRXT59um9PLi8,34.086748,-83.9876989
Lowe's Garden Center,"935 Market Pl Blvd, Cumming",ChIJx8UALs6a9YgRqDQtq9xL5zc,34.183055,-84.1323682
Lowe's Home Improvement,"351 Whiteville Rd NW, Shallotte",ChIJ2cdDOhR2qokRbHpyRAwoSsU,33.9756634,-78.39972499999999
Lowe's Home Improvement,"5060 Fayetteville Rd, Lumberton",ChIJ9ZXOLY_gqokRwaK9Q6c0NH8,34.6641593,-79.0035516
Lowe's Home Improvement,"5084 Southport-Supply Rd SE, Southport",ChIJVwnyrhcHqokRgQid9m0Qczw,33.95389,-78.04540999999999
Lowe's Home Improvement,"100 Green Hill Dr, Whiteville",ChIJz4XhNgmLqokRXYDAARU5txw,34.301274,-78.717249
Lowe's Home Improvement,"3716 Gateway Blvd, Leland",ChIJSwGH2ycZqokRHF1304yExDc,34.2119443,-78.01993619999999
Lowes Foods of Oak Island,"2829 Midway Rd SE, Bolivia",ChIJYQYhq2EIqokRLnPckxEkp10,33.9747394,-78.13244379999999
Lowe's ProServices,"5084 Southport-Supply Rd SE, Southport",ChIJCbOD9xYHqokR0YIpE-Taefk,33.9538723,-78.04538819999999
Lowe's Garden Center,"5060 Fayetteville Rd, Lumberton",ChIJUWtMXI7gqokROxUfRmNyS3M,34.663973,-79.00323759999999
Lowe's ProServices,"5060 Fayetteville Rd, Lumberton",ChIJ7Y3zXY7gqokRc5vZ7cjx14s,34.6639184,-79.0037799
Lowe's Garden Center,"100 Green Hill Dr, Whiteville",ChIJgz5cMgmLqokRehVuS2OywOE,34.3020106,-78.71758260000001
Lowe's ProServices,"351 Whiteville Rd NW, Shallotte",ChIJ3bqc2RN2qokRrNOmrF_jSNg,33.975338,-78.3993119
Lowes Foods of Southport,"5011 Southport Crossing Wy, Southport",ChIJZU4_z4YHqokRCQLe3HljwjE,33.9557167,-78.05063
Lowe's ProServices,"100 Green Hill Dr, Whiteville",ChIJuey9MgmLqokR6Piy_dbmSYs,34.3015905,-78.7169543
Lowe's Garden Center,"351 Whiteville Rd NW, Shallotte",ChIJYSIU3hN2qokR6RueLt9a_CQ,33.9747362,-78.3992502
Lowe's Garden Center,"5084 Southport-Supply Rd SE, Southport",ChIJfRlI-BYHqokRPlEU28vpnAE,33.9537103,-78.0464008
Lowe's Rental,"3716 Gateway Blvd, Leland",ChIJb_xUEpoZqokR2bz82DUx4ck,34.2119706,-78.01965009999999
Lowes Foods of Leland,"1152 East Cutlar Crossing, Leland",ChIJ92d612gZqokRRhQxn6aIjHY,34.2015104,-78.0471513
Lowes Foods Fuel,"3280 Southport-Supply Rd SE, Bolivia",ChIJWx4JlGAIqokRzbDtpLpZ808,33.973168,-78.13257480000001
Lowe's Home Improvement,"875 Shaw Ave, Clovis",ChIJufFgwHdclIAR5y91czg-CAc,36.81055050000001,-119.6986512
Lowe's ProServices,"875 Shaw Ave, Clovis",ChIJMR1WLnhclIARnC6Jl8J0ODA,36.8106247,-119.6986467
Lowe's Garden Center,"875 Shaw Ave, Clovis",ChIJrYlP0nlclIARuP52pTCf9nE,36.8102025,-119.6995867
The Home Depot,"845 W Shaw Ave, Clovis",ChIJXRFHsllclIARf-urksd1IEM,36.8103344,-119.7283243
The Home Depot,"3175 Highland Ave, Selma",ChIJUd037j7wlIARIAWyfaYkOsM,36.5795487,-119.6307814
The Home Depot,"4864 E Kings Canyon Rd, Fresno",ChIJIwwHqf1elIARLBNRRE7m65U,36.73369090000001,-119.733274
Clovis Ace Hardware,"1890 Shaw Ave, Clovis",ChIJE_8-f5NblIAR2ovcNce50PI,36.8081279,-119.6792726
Garden Center at The Home Depot,"845 W Shaw Ave, Clovis",ChIJu96pX1hclIAREtSdD7O71vc,36.8101989,-119.7275221
Ace Hardware of Northeast Fresno,"1536 E Champlain Dr, Fresno",ChIJBY1mbjRDlIARqhBlw9KpDh4,36.868358,-119.7559684
Big Lots,"1155 Shaw Ave, Clovis",ChIJN4NoehtblIAR1krxuZOVlY4,36.8100324,-119.6947742
Fresno Ag Hardware Clovis,"850 Herndon Ave Suite 101, Clovis",ChIJSf8B4XNdlIARHXb39bLdFvE,36.8364187,-119.698458
Walmart Supercenter,"323 W Shaw Ave, Clovis",ChIJE17y2mBclIARotxQ_ZXlAK8,36.8108319,-119.716766
Lowe Audiology,"845 S Frankwood Ave, Reedley",ChIJLbdPoenilIARo-l5FELCRDo,36.59034279999999,-119.4489605
Lowe's Home Improvement,"415 S River Rd, St. George",ChIJkSDmMNlayoARtcQUzFBlhwY,37.1010968,-113.5538148
Lowe's Garden Center,"415 S River Rd, St. George",ChIJ-Vk9595ayoARRuKka_2M2SA,37.1003722,-113.5539801
Lowe's ProServices,"415 S River Rd, St. George",ChIJQ4Xo595ayoARKDZejApVJjs,37.1003553,-113.5538312
The Home Depot,"725 W Telegraph St, Washington",ChIJualjEqFbyoARCL9OV_IqIek,37.1258833,-113.5206473
The Home Depot,"937 N, 937 Westridge Dr, St. George",ChIJe6Tv9YZEyoARg68wCoS7Gaw,37.1247079,-113.6172787
Installation Services,"415 S River Rd, St. George",ChIJ____5t5ayoARCI82mpbb9ew,37.1011358,-113.5533196
Lowe's Home Improvement,"5451 Pinon Hills Blvd, Farmington",ChIJUX-9_NKIO4cRHDurWswl-fU,36.7726562,-108.141997
Lowe's Garden Center,"5451 Pinon Hills Blvd, Farmington",ChIJVcuQPtOIO4cRi1DFOUysJc8,36.7726566,-108.1421539
Lowe's ProServices,"5451 Pinon Hills Blvd, Farmington",ChIJxa0xONOIO4cRGTlWgKT1KgY,36.7726917,-108.1420702
Lowes/UPS Store,Farmington,ChIJq_DE3tKIO4cRyJruRmVjW_k,36.771369,-108.1416943
The Home Depot,"1301 S Camino Del Rio, Durango",ChIJ0QgUWjMDPIcRPupwpxtnsuM,37.2244553,-107.859647
Southwest Appliance,"21 Davidson Creek Rd, Durango",ChIJrQaaBKACPIcRXkrP0qUGegg,37.2296231,-107.8279714
Bloomfield Ace Hardware,"1947 W Broadway Ave, Bloomfield",ChIJh-dHcQJ5PIcRgEOXedbhye8,36.7109733,-108.0017296
Kroegers Ace Hardware,"8 Town Plaza, Durango",ChIJvQv0nJ8CPIcRKm-5E5cqk4c,37.2747736,-107.8819871
Ferguson Selection Center,"76 Sheppard Dr, Durango",ChIJs26eZicDPIcROsUaDNxbmww,37.2365206,-107.8741652
South Lowe Pasture,Cimarron,ChIJP3RBPh7CCIcRChWMuGxQlEY,37.1416911,-101.7254409
North Lowe Pasture,Rolla,ChIJEa11C4jCCIcRnubz08ifl1Q,37.1847464,-101.7184969
Walmart Supercenter,"2600 US-64, Guymon",ChIJJ9XYFFQoBocRkuJ9L1NEd0o,36.7053983,-101.4881099
Walmart Garden Center,"2600 US-64, Guymon",ChIJpzSiVVAoBocRFmuWbM8GiQA,36.7053983,-101.4881099
Wirtz Lumber & Sply Inc.,"219 N Quinn St Drawer A, Guymon",ChIJs7KJDOEoBocRFGvfJseGYQ4,36.6804374,-101.4824748
Ace Hardware,"James St, Guymon",ChIJKcsvouEoBocRgGubxkpOR9k,36.6804372,-101.4817972
Tractor Supply Co.,"2501 US-64, Guymon",ChIJXY-xj1EoBocR90IF4g-p4b8,36.704705,-101.483413
B & B True Value Hardware,"509 US-54, Guymon",ChIJTdFzjd0oBocRRi-DZXrvjwE,36.67553669999999,-101.4866158
Lumber Mart,"1401 N Main St, Guymon",ChIJba2G2v0oBocRDPM3cM5Gw04,36.6919922,-101.4810809
Lowe's Home Improvement,"2205 SE Adams Blvd, Bartlesville",ChIJj0e9GMgTt4cRZ-Gd1ZPCeQ8,36.7410055,-95.95155749999999
Lowe's ProServices,"2205 SE Adams Blvd, Bartlesville",ChIJ220CALgTt4cRMmLFx8_c-4o,36.7414051,-95.9511821
Lowe's Garden Center,"2205 SE Adams Blvd, Bartlesville",ChIJkZja_8cTt4cRQ9vzDIzP9XE,36.7409573,-95.95156840000001
Menards,"3105 Oak Grove Rd, Poplar Bluff",ChIJqwYyC6-614cRD9z8P0JeMQI,36.7902407,-90.4460199
Lowe's Body Shop & Towing,"1411 W Malone Ave, Sikeston",ChIJNZblgxZIeIgRl-S4p02QVG4,36.8678524,-89.61602909999999
The Home Depot,"639 S Westwood Blvd, Poplar Bluff",ChIJx0dF91ew14cRr2vUBBBCiRU,36.7485596,-90.4132968
Lowe's Mini Storage,"23259 State Hwy D, Campbell",ChIJl4mITEUs1ocRnt4SKhFyjIQ,36.615238,-89.96942849999999
Mills Iron & Supply Co.,"1919 S Westwood Blvd, Poplar Bluff",ChIJbxUKeVSw14cRsc8WB7FnH5g,36.742458,-90.4168996
Whitakers Ace Hardware,"138 W Yoakum Ave, Chaffee",ChIJ__8vwLEjeIgRwzeo2RCr-7Y,37.1803963,-89.6567974
Walmart Supercenter,"2025 W Business Us Highway 60, Dexter",ChIJ17z4LHF3eIgRyi_c7_fneb8,36.801147,-89.9924171
Pack's Ace Hardware,"918 S Westwood Blvd, Poplar Bluff",ChIJq_4isuix14cRLrtwhRfXgrE,36.7498588,-90.4097632
Lowe's Home Improvement,"2001 S Hwy 27, Somerset",ChIJAWW1F8JJXYgResolVGUmsH4,37.0666007,-84.6238915
Lowe's Home Improvement,"777 W Cumberland Gap Pkwy, Corbin",ChIJmQmSAbPaXIgRoEWSTDRrEAo,36.9719123,-84.09928889999999
Lowe's Home Improvement,"136 Keavy Rd, London",ChIJJR-J553NXIgRJDWQVtJ6WmI,37.1044854,-84.0867147
Lowe's Garden Center,"2001 S Hwy 27, Somerset",ChIJr-aYGfBJXYgRZSNrruLhhEc,37.0667716,-84.62309090000001
Lowe's Garden Center,"777 W Cumberland Gap Pkwy, Corbin",ChIJ-9a0HVPFXIgR0q4tWqEZCyw,36.9717349,-84.0995744
Lowe's ProServices,"136 Keavy Rd, London",ChIJsVZwSpzNXIgRlaPNe7hzf04,37.10431519999999,-84.0866163
Lowe's ProServices,"2001 S Hwy 27, Somerset",ChIJFUpGpsFJXYgR-38L7jzq9Cg,37.0661288,-84.6236184
Lowe's Garden Center,"136 Keavy Rd, London",ChIJtbf5NZzNXIgRi8B4jg8SpH0,37.1045421,-84.0858753
Lowe's ProServices,"777 W Cumberland Gap Pkwy, Corbin",ChIJ1ZTvHFPFXIgRBeqfkDXYRDM,36.9716754,-84.0994245
Lowe's Truss Company,"15869 Scott Hwy, Oneida",ChIJC2fH2pegXYgR1TkCXUfMXQ8,36.4722009,-84.5437859
Lowe's Home Improvement,"2644 Farmville Rd, Farmville",ChIJ1QxfAxZPsokRAhMcEP9aKpE,37.2654991,-78.4100418
Lowe's Home Improvement,"3603 Old Halifax Rd, South Boston",ChIJLTFlTs1jrYkRU45EsBWEBGo,36.736766,-78.913495
Lowe's Garden Center,"2644 Farmville Rd, Farmville",ChIJKyGUhRZPsokRaM2TyxxyJ5c,37.264992,-78.41028879999999
Lowe's ProServices,"3603 Old Halifax Rd, South Boston",ChIJm9byPjNirYkRwJc9kItqXhA,36.7368034,-78.9135289
Lowe's Garden Center,"3603 Old Halifax Rd, South Boston",ChIJOaO-PjNirYkRj3pZ7VZIK2k,36.7367377,-78.91355
Lowe's ProServices,"2644 Farmville Rd, Farmville",ChIJeenxhRZPsokRM3dqFXiDnA0,37.2656515,-78.4102339
Installation Services,"3603 Old Halifax Rd, South Boston",ChIJAQAAPzNirYkRcXMg4Rwgu3A,36.7368273,-78.913442
The Home Depot,"250 Frank D Harris Dr, South Hill",ChIJLZHCkmkIsokRVRVTjZUyoKM,36.7150939,-78.1213934
Lowe's Home Improvement,"430 Fairview Dr, Carson City",ChIJ6xl5aW2gmYARfbGo6MfTy3c,39.1510047,-119.7641296
Lowe's Home Improvement,"1355 Scheels Drive, Sparks",ChIJHT0ChJQ-mYARX83OSyK-eSk,39.5303589,-119.7183032
Lowe's Home Improvement,"375 Stanley Dr, Fernley",ChIJ857b0xjomIARjf2opcadSVM,39.6132807,-119.2109254
Lowe's ProServices,"1355 Scheels Drive, Sparks",ChIJRTCqnpQ-mYARLt9BOx08-R4,39.5306436,-119.7174329
Lowe's ProServices,"430 Fairview Dr, Carson City",ChIJbSEJbm2gmYARhA5N9QerGiM,39.1507864,-119.7631227
Lowe's ProServices,"375 Stanley Dr, Fernley",ChIJG-qyzxjomIARqhzheM5vLGE,39.6132319,-119.2108807
Lowe's Garden Center,"430 Fairview Dr, Carson City",ChIJVZIRbG2gmYARK4AgdkUik40,39.1504974,-119.7642067
Lowe's Garden Center,"1355 Scheels Drive, Sparks",ChIJ7RILhJQ-mYAR0JXZbM6N0eQ,39.5301811,-119.7186095
Lowe's Garden Center,"375 Stanley Dr, Fernley",ChIJpRnYzRjomIARrQtmm3y2JRw,39.613309,-119.211255
Installation Services,"430 Fairview Dr, Carson City",ChIJ____bm2gmYAR7OiEDCUdCVA,39.1511999,-119.763776
Lowe's Home Improvement,"215 W Meadows, Glenwood Springs",ChIJ1e2Xw3kJQYcR2mKaHpUs9Nk,39.556592,-107.347087
Lowe's Garden Center,"215 W Meadows, Glenwood Springs",ChIJPy3KDXsJQYcRJh46LPMDwJE,39.5568668,-107.3463895
Lowe's ProServices,"215 W Meadows Drive, Glenwood Springs",ChIJjVcxDXsJQYcRqsrx7DNWTUM,39.5566284,-107.3470688
Tractor Supply Co.,"51027 Hwy 6 and 24, Glenwood Springs",ChIJpQQgDeELQYcR38gZdt8Ug_M,39.563205,-107.365285
Walmart Supercenter,"1000 Airport Rd, Rifle",ChIJOSWj2DM5QYcRffzkvzHqUjA,39.5248446,-107.7676923
Walmart,"3010 Blake Ave, Glenwood Springs",ChIJ4SIgTkkIQYcRcs01dTd7400,39.5220545,-107.3200271
East Avenue Carpet & Tile,"140 E 26th St, Rifle",ChIJUQ4yFMY4QYcR1grqxZ1WYNk,39.5523282,-107.7767661
Ace Hdwe of Carbondale,"1011 CO-133, Carbondale",ChIJTTyYB8CrQYcRgAd0WQSf0Tg,39.4007394,-107.2209997
Lowe Landing Strip,Winona,ChIJ-8hpI9XgCocRFhn9OgQJf1s,39.0671983,-101.2534995
Walmart Garden Center,"2160 Commerce Rd, Goodland",ChIJGU_7PmhKC4cRPsVF5FRpOcQ,39.3342759,-101.7283593
Walmart Supercenter,"2160 Commerce Rd, Goodland",ChIJGR95-WhKC4cRqLCLgPkK6Nk,39.3342759,-101.7283593
Owens True Value,"113 E Washington St, St Francis",ChIJ0X2mGqeWdIcRz-l6hIm8Tp0,39.7739058,-101.8007436
Lowe's Home Improvement,"1621 SW Arvonia Pl, Topeka",ChIJ699CUhn9vocRcIr6GHYmrzM,39.037548,-95.7685317
Lowe's Garden Center,"1621 SW Arvonia Pl, Topeka",ChIJy6eGgh79vocRACXVeX8O89k,39.0371169,-95.7683528
Lowe's ProServices,"1621 SW Arvonia Pl, Topeka",ChIJ9zA3nR79vocRyipyvy25gYg,39.0378863,-95.76879319999999
Lowe's Installation Services,"1621 SW Arvonia Pl, Topeka",ChIJaWRgoh79vocRKwpbGSoFUyI,39.0377531,-95.7689178
Menards,"6401 SW 17th St, Topeka",ChIJKXzazB_9vocRvLBMaIe64zY,39.0350875,-95.77140039999999
Menards,"515 McCall Rd, Manhattan",ChIJ58OwuETSvYcRMTgjkBQ3Jq4,39.1913427,-96.5508147
The Home Depot,"5900 SW Huntoon St, Topeka",ChIJ-V2kNQ79vocRNggrh5LLXsc,39.0450422,-95.7583185
Lowe's Home Improvement,"1619 Homer M Adams Pkwy, Alton",ChIJ3VxiOUJD34cRecckFm9UnVc,38.9175567,-90.16840359999999
Lowe's Home Improvement,"3101 Wabash Ave, Springfield",ChIJQSjsZG5HdYgRMLYDTmiL-vo,39.76287,-89.714514
Lowe's Rental,"1619 Homer M Adams Pkwy, Alton",ChIJGQS0cRRD34cRYRqtqJZOtGI,38.9175786,-90.1696102
Lowe's ProServices,"1619 Homer M Adams Pkwy, Alton",ChIJD2af1GlD34cRpFZDAJ595y4,38.9176408,-90.16839000000002
Lowe's Garden Center,"3101 Wabash Ave, Springfield",ChIJ3xVgeG5HdYgR1YVrdMeWFWI,39.7625231,-89.7140361
Lowe's Garden Center,"1619 Homer M Adams Pkwy, Alton",ChIJnXJf0mlD34cRsnQTZKVt1ps,38.9171838,-90.16863190000001
Lowe's ProServices,"3101 Wabash Ave, Springfield",ChIJ5YF9eG5HdYgRpAm9V59Csok,39.7625942,-89.7140421
The Home Depot,"1601 W Morton Ave, Jacksonville",ChIJ2wQvBs7r34cRtDQPg8SH2DI,39.7210496,-90.2542794
Menards,"2250 Chuckwagon Dr, Springfield",ChIJjcVsoa44dYgRSkUQ9G9QAEk,39.73895359999999,-89.6941749
The Home Depot,"1710 Homer M Adams Pkwy, Alton",ChIJe9VHMUJD34cRHbu8jQxCJSM,38.9209721,-90.16514629999999
Lowe's Home Improvement,"10235 Colerain Ave, Cincinnati",ChIJ8fp8kgpKQIgRi55n3pFRUDw,39.2603898,-84.60463179999999
Lowe's Home Improvement,"618 Mt Moriah Dr, Cincinnati",ChIJSXMF-cepQYgRmBJO_FT1dKY,39.0695428,-84.2956315
Lowe's Home Improvement,"1495 Main St, Hamilton",ChIJcZXFL11HQIgRxxbPg29yMF4,39.4240512,-84.59849109999999
Lowe's Home Improvement,"2850-I Centre Dr, Fairborn",ChIJk0LYU1ucQIgRTxxsi4VOr_c,39.773985,-84.047348
Lowe's Home Improvement,"4800 Houston Rd, Florence",ChIJe67XYujHQYgRN7qQBAOszQo,39.0201132,-84.6249709
Lowe's Home Improvement,"505 E Kemper Rd, Cincinnati",ChIJ20s11mxOQIgRqxCqmUhjDeM,39.284296,-84.459785
Lowe's Home Improvement,"5385 Ridge Ave, Cincinnati",ChIJQ-ctD0OtQYgROX_y_mGLXV0,39.170458,-84.429565
Lowe's Home Improvement,"6150 Harrison Rd, Cincinnati",ChIJGYrwGSfLQYgRevrwQp21hWI,39.1847651,-84.6481155
Lowe's Home Improvement,"3125 Towne Blvd, Middletown",ChIJ4WKxYEBeQIgRPvhLBqszKiE,39.4902142,-84.33142370000002
Lowe's Home Improvement,"6300 Wilmington Pike, Centerville",ChIJ5QwOqN2PQIgR_IifibktHhg,39.644953,-84.10831250000001
Lowe's Home Improvement,"9380 Mason Montgomery Rd, Mason",ChIJn8HucP9WQIgRpHdL8au7h6c,39.3017835,-84.3124663
Lowe's Home Improvement,"2369 Alexandria Pike, Highland Heights",ChIJueLjTBewQYgR8bKazC-fDAA,39.0392567,-84.4470331
Lowe's Home Improvement,"7975 Tylersville Square Dr, West Chester Township",ChIJ7ayITXRaQIgR9Y7yjv80JL4,39.3524459,-84.37846909999999
Lowe's Home Improvement,"126 Hospitality Dr, Xenia",ChIJC4T2lE2YQIgRk9Nwb1tYiE0,39.686239,-83.96965999999999
Lowe's Home Improvement,"575 Corwin Nixon Blvd, South Lebanon",ChIJRSVuYwb3QIgRFuticaQzqKQ,39.3767178,-84.22312079999999
Lowe's Home Improvement,"5694 Romar Dr, Milford",ChIJK1TrteT_QIgRGk658-lGFSs,39.1856447,-84.25951010000001
Lowe's Home Improvement,"1175 Rombach Ave, Wilmington",ChIJL9CCj9_GQIgRPLt958fbYtM,39.4499267,-83.80931939999999
Lowe's Home Improvement,"970 W Eads Pkwy, Lawrenceburg",ChIJ_wV3YhzXQYgR-C0Pzo3nhJ8,39.0834861,-84.87878529999999
Lowe's Home Improvement,"2900 Martins Dr, West Carrollton",ChIJvS1oJvqIQIgR-pesn5H5akY,39.6408299,-84.22227339999999
Lowe's,"Roosevelt Pkwy, Middletown",ChIJfws7FkBeQIgRvEsNKEwyrPc,39.49167569999999,-84.33166229999999
Lowe's ProServices,"2369 Alexandria Pike, Highland Heights",ChIJC44ClxmwQYgRGMcLsyusbpU,39.0391613,-84.4469637
Lowe's ProServices,"9380 Mason Montgomery Rd, Mason",ChIJKYcaUf9WQIgRJJpCSw29-24,39.3016442,-84.3125689
Lowe's ProServices,"5385 Ridge Ave, Cincinnati",ChIJPTmq71ytQYgRIKbS7SfIAsM,39.1703852,-84.42958209999999
Lowe's ProServices,"575 Corwin Nixon Blvd, South Lebanon",ChIJjwNH1QX3QIgRjkdo3ts5u6E,39.3768563,-84.222537
Lowe's ProServices,"6300 Wilmington Pike, Sugarcreek Township",ChIJc9KJtd2PQIgR3iXbnjv2GSw,39.644208,-84.1086007
Lowe's ProServices,"505 E Kemper Rd, Cincinnati",ChIJaz3RL21OQIgRtZXyQygriF8,39.2848186,-84.4592989
Lowe's ProServices,"4800 Houston Rd, Florence",ChIJcxJSh-jHQYgRRJE-xI4n-Wk,39.02002969999999,-84.6243274
Lowe's ProServices,"6150 Harrison Pike, Cincinnati",ChIJJ59KfifLQYgRk5S7CDQ_JYg,39.1847679,-84.648124
Lowe's ProServices,"618 Mt Moriah Dr, Cincinnati",ChIJrWjIgLmpQYgRBHsboMW5Vvg,39.0694601,-84.2962494
Lowe's ProServices,"10235 Colerain Ave, Cincinnati",ChIJ25OxjwpKQIgRBzWmfPpauII,39.2602302,-84.6052507
Lowe's ProServices,"2850-I Centre Dr, Fairborn",ChIJ83m9w0ScQIgRWz7547CtOd0,39.7740686,-84.04738429999999
Lowe's ProServices,"126 Hospitality Dr, Xenia",ChIJ6eejB0yYQIgRaL64Pyx6mSo,39.6862541,-83.9696457
Lowe's Garden Center,"2369 Alexandria Pike, Highland Heights",ChIJXQDT6hmwQYgRXQRbj75LWd8,39.038829,-84.44775969999999
Lowe's ProServices,"3125 Towne Blvd, Middletown",ChIJKezRuUFeQIgRLDzQeWAogiA,39.4900078,-84.3316662
Lowe's Garden Center,"2850 Centre Dr I, Fairborn",ChIJ85Y6zkScQIgRorLO0QcJFmg,39.7741135,-84.047304
Lowe's ProServices,"970 W Eads Pkwy, Lawrenceburg",ChIJPbSy4R_XQYgRaoW90d8qGXU,39.0836552,-84.8787779
Lowe's ProServices,"2900 Martins Dr, West Carrollton",ChIJ1Q0CJfqIQIgRXpYLJIMMCi0,39.6406502,-84.2220917
Lowe's ProServices,"7975 Tylersville Square Dr, West Chester Township",ChIJUXssonVaQIgRBR1nQqfvdfI,39.3523744,-84.3782124
Lowe's Garden Center,"618 Mt Moriah Dr, Cincinnati",ChIJ-a1fgLmpQYgRhlBnsE6927c,39.0698175,-84.2953761
Lowe's ProServices,"5694 Romar Dr, Milford",ChIJF5AlTfv_QIgRZkTrmzakjZY,39.1859669,-84.26027979999999
Lowe's Garden Center,"970 W Eads Pkwy, Lawrenceburg",ChIJb3EoHuDWQYgR2-2MaXbS09U,39.0837258,-84.87878909999999
Lowe's Garden Center,"10235 Colerain Ave, Cincinnati",ChIJIUV97ApKQIgRtj_E_cRpYwM,39.2602541,-84.60511489999999
Lowe's Garden Center,"575 Corwin Nixon Blvd, South Lebanon",ChIJ0cZDgAb3QIgR5P8pfSG4OcM,39.3761884,-84.2226931
Lowe's Garden Center,"6300 Wilmington Pike, Sugarcreek Township",ChIJC9vXyN2PQIgRuwT21jkzLDg,39.6450693,-84.10837400000001
Lowe's ProServices,"1495 Main St, Hamilton",ChIJM2cOj11HQIgRscxPSQ4mwtM,39.4238427,-84.59895279999999
Lowe's ProServices,"1175 Rombach Ave, Wilmington",ChIJgTmqRAHHQIgROV94A5nSIHY,39.4502202,-83.8094938
Lowe's Garden Center,"505 E Kemper Rd, Cincinnati",ChIJaQc0MG1OQIgRxdYyn3fs8d4,39.2843451,-84.4597589
Lowe's Garden Center,"7975 Tylersville Square Dr, West Chester Township",ChIJYZRVo3VaQIgRz7UJSZ4i83Y,39.3524156,-84.37827279999999
Lowe's Garden Center,"6150 Harrison Ave, Cincinnati",ChIJR-8onNjKQYgRgRvZ_g-Rw4c,39.18488019999999,-84.6481776
Lowe's Garden Center,"126 Hospitality Dr, Xenia",ChIJIwuJBkyYQIgRUGKe5BJxHHw,39.6863813,-83.9697889
Lowe's Garden Center,"4800 Houston Rd, Florence",ChIJVVVVfOjHQYgRlsNWvojsp_U,39.0198927,-84.6245292
Lowe's Garden Center,"Ridgewater Plaza, 5385 Ridge Ave, Cincinnati",ChIJ92aZ3FytQYgRU0MEz-fKWB0,39.170404,-84.4294848
Lowe's Garden Center,"2900 Martins Dr, West Carrollton",ChIJ3auBJfqIQIgRe_PlcfrIV88,39.6407975,-84.22207139999999
Lowe's Garden Center,"9380 Mason Montgomery Rd, Mason",ChIJHS0mUv9WQIgRk4rIl3hq7p8,39.3012733,-84.3131169
Lowes,Middletown,ChIJnQOR-EBeQIgR5-Lk9fxvHg8,39.491063,-84.33048699999999
Lowe's Small Engine Repair is not affiliated with Lowe's hardware store,"1756 Grayrick Dr, Cincinnati",ChIJX80rWYRLQIgR5uq-h8voe3g,39.2453544,-84.55263599999999
Lowe's Hvac,"96 N Main St, Cedarville",ChIJXdLfBoemQIgRBqKnIbYeP10,39.7421373,-83.8072024
The Home Depot,"5203 Bardes Rd, Mason",ChIJLZetwe5XQIgRDVgsbXrMVcs,39.294633,-84.3205116
The Home Depot,"520 Ohio Pike, Cincinnati",ChIJ02r2aqupQYgRQEzAQjH47Ic,39.0727391,-84.30429939999999
"Dr. Alicia R. Lowes, DO","1222 S Patterson Blvd, Dayton",ChIJrRzAO6SGQIgRl3kSPTwSMRE,39.7404465,-84.1912724
Lowe's Home Improvement,"261 Market St, Winchester",ChIJSQCJrEBvO4gRV2ILjyQ1ntk,39.2235422,-78.13417249999999
Lowe's Home Improvement,"14725 Apple Harvest Dr, Martinsburg",ChIJw5k5TtcDyokRYpxa3Py88lk,39.444113,-77.984307
Lowe's Home Improvement,"1211 National Hwy, La Vale",ChIJIwlwYdePyokRiUApfnTNPqM,39.640856,-78.834042
Lowe's Home Improvement,"2200 S Pleasant Valley Rd, Winchester",ChIJre80Ju_utYkR4Um7mHAAuxU,39.1575829,-78.1675564
Lowe's Home Improvement,"80 Riverton Commons Dr, Front Royal",ChIJm7I4Pw_EtYkRFEf-q6w57-I,38.962209,-78.186694
Lowe's ProServices,"14725 Apple Harvest Dr, Martinsburg",ChIJdTPjS9cDyokREuZBRPj4yJY,39.4440949,-77.9841694
Lowe's ProServices,"1211 National Hwy, La Vale",ChIJtaWW6taPyokRyQcsPNCpi_o,39.6402949,-78.8343386
Lowe's ProServices,"2200 S Pleasant Valley Rd, Winchester",ChIJ0wzV9OXutYkR1pFMgUYTEgQ,39.1575899,-78.1676602
Lowe's ProServices,"261 Market St, Winchester",ChIJoZkF8z3wtYkRrZFknovyusE,39.2236165,-78.13315709999999
Lowe's Garden Center,"1211 National Hwy, La Vale",ChIJ8466v9aPyokRjRHBuN_eqCw,39.6408766,-78.8340608
Lowe's Garden Center,"14725 Apple Harvest Dr, Martinsburg",ChIJx0jCUtcDyokR4tGxsv0fiEE,39.4440743,-77.9842305
Lowe's ProServices,"80 Riverton Commons Dr, Front Royal",ChIJsaipxg7EtYkR_27SH9P7pGU,38.9618612,-78.1871927
Lowe's Garden Center,"2200 S Pleasant Valley Rd, Winchester",ChIJsynH9OXutYkRXEAyDp3KEzU,39.1576713,-78.16758759999999
Lowe's Garden Center,"80 Riverton Commons Dr, Front Royal",ChIJ-b-uzA7EtYkRPcxaXua_e2k,38.9629653,-78.1867911
Lowe's Garden Center,"261 Market St, Winchester",ChIJ9Z88jT3wtYkRBLwhWFVYEyI,39.2229768,-78.13417179999999
The Home Depot,"2350 Legge Blvd, Winchester",ChIJO1XgJebutYkRf5qCmX0WFXo,39.1547587,-78.1696707
Tractor Supply Co.,"2201 Plaza St, Rawlins",ChIJZ3YpWjX5XIcRi1bpgPhlqmY,41.7945684,-107.2131353
Walmart Supercenter,"2390 E Cedar St, Rawlins",ChIJ6VFMw14BXYcRUif6RO4MKR8,41.7897101,-107.2070469
Walmart Garden Center,"2390 E Cedar St, Rawlins",ChIJiQRpSP0DXYcRRsfyrS639s4,41.79012609999999,-107.2068001
Rawlins Ace Hardware,"600 W Maple St, Rawlins",ChIJJdQzRLQBXYcRHV5SPfqUh7Q,41.7908281,-107.2432558
Lowe Valley,South Sheridan,ChIJrSVidD4geocRO6_2WU4uaoY,42.2377595,-102.0962966
Menards,"3600 24th St, Fremont",ChIJZWEcu-VgkYcRBihFk7VUws8,41.4535827,-96.4516677
Lowe's Home Improvement,"3820 44th Ave, Moline",ChIJ00VAk00w4ocRO505S1IQOVI,41.4689399,-90.4832964
Lowe's Home Improvement,"3955 Elmore Avenue, Davenport",ChIJtQ1MOdU14ocRgxwlCQqA5SY,41.5615816,-90.5243038
Lowe's ProServices,"3955 Elmore Avenue, Davenport",ChIJkUf5u3824ocRa9CRm3546qk,41.5621656,-90.5248963
Lowe's Garden Center,"3955 Elmore Avenue, Davenport",ChIJUVypvn824ocRxETYxbCpLK0,41.5615737,-90.5242899
Menards,"6400 44th Ave, Moline",ChIJKw7KEncw4ocRI5Expes_CPM,41.4694519,-90.45322410000001
Lowe's Garden Center,"3820 44th Ave, Moline",ChIJ2zIt6U0w4ocR8RJ8W0zG_ks,41.4692933,-90.4840166
Menards,"4220 30th St, Sterling",ChIJ9w8iceu2CYgRmCgz2I4SkeI,41.8194196,-89.6481433
Menards,"2755 IL-26, Freeport",ChIJnxNv_SRsCIgRK27SIUuSa1w,42.2623443,-89.6290573
Menards,"6600 N Brady St, Davenport",ChIJD2L16HE14ocREgyptqiamt4,41.587619,-90.57345199999999
The Home Depot,"920 Middle Rd, Bettendorf",ChIJiVAV6pg24ocRmS7SfF4Debo,41.5418078,-90.52002279999999
The Home Depot,"1850 Lincoln Way, Clinton",ChIJ_zInQplm4ocRgvDr4L9H-r4,41.8179688,-90.22931
Trevor Ace Hardware,"2842 16th St, Moline",ChIJB0huOnQx4ocRiym1g2ebK-I,41.4834251,-90.5120512
Lowe's Home Improvement,"1535 Boardman Rd, Jackson",ChIJ1WwVJP0vPYgRdcYVDx9XIjg,42.267741,-84.435997
Lowe's Home Improvement,"1369 Division St, Adrian",ChIJFdCOzXPxPIgR7RoUJt607zw,41.8763046,-84.0311279
Lowe's Home Improvement,"5900 Jackson Rd, Ann Arbor",ChIJyfEMXEqxPIgRcxh2jME16FQ,42.292169,-83.8451802
Lowe's ProServices,"1369 Division St, Adrian",ChIJLQg2CHHxPIgR4CPaKXlFBco,41.87683690000001,-84.0313292
Lowe's ProServices,"5900 Jackson Rd, Ann Arbor",ChIJsyX_gkuxPIgRSXjLnqMrhhU,42.2923063,-83.84450199999999
Lowe's Garden Center,"1535 Boardman Rd, Jackson",ChIJYfIIIf0vPYgRqIZbH2oX44w,42.2681765,-84.4369117
Lowe's Garden Center,"1369 Division St, Adrian",ChIJB7O9CXHxPIgRNYcqEcQdf6E,41.8759012,-84.0313019
Lowe's Garden Center,"5900 Jackson Rd, Ann Arbor",ChIJGeVheEuxPIgR--xYg48tnR8,42.291885,-83.8442664
Lowe's ProServices,"1535 Boardman Rd, Jackson",ChIJDyCEIv0vPYgRDA5VQHaRG8k,42.2677663,-84.43615969999999
Lowe Construction Co,"2535 Bader Rd, Horton",ChIJD_fMQ189PYgRBtAWx21hBEk,42.103411,-84.45515999999999
Lowe's Home Improvement,"2625 Market St, Warren",ChIJhTIC-dREzYkRD8QE9OAIJpI,41.878117,-79.15332699999999
Lowe's Garden Center,"2625 Market St, Warren",ChIJ-9bsEtVEzYkRY2bzSR1uvxI,41.878136,-79.1533278
Lowe's ProServices,"2625 Market St, Warren",ChIJVfiREtVEzYkR1Etk36gUc50,41.8775696,-79.15295139999999
Lowe's,Conewango Township,ChIJd8w_D9VEzYkRNyitacFHQes,41.877858,-79.152835
The Home Depot,"1900 Dan Eaton Dr, Olean",ChIJYyb2EYZw0okR94ua6XzxGwk,42.0827647,-78.4656858
Walmart Supercenter,"1869 Plaza Dr, Olean",ChIJ8QUmvIRw0okRqTV7jLooatc,42.0801162,-78.4677047
Howe's True Value,"15560 US-6, Warren",ChIJUejCdnZEzYkRZmV-XEx87GA,41.82111,-79.1113665
Walmart Supercenter,"2901 Market St, Warren",ChIJo7qMEStbzYkRxiwxgAthXDc,41.8820392,-79.1507965
Walmart Supercenter,"50 Foster Brook Blvd, Bradford",ChIJUUUaqn6AzYkRbYFy-3ZnLSY,41.9785336,-78.60887939999999
Home Outlet,"3094 W State St Suite 102, Olean",ChIJJymtqIRw0okRJSKK0vXET_Q,42.07771,-78.469415
Walmart Garden Center,"1869 Plaza Dr, Olean",ChIJcVeVRoRw0okRmcAAH_1AAV4,42.0799065,-78.46883609999999
Lowe's Home Improvement,"325 Cottage Grove Rd, Bloomfield",ChIJpWyw8tWq54kRSLcF9rTW0G0,41.814082,-72.715268
Lowe's Home Improvement,"246 New Britain Ave, Plainville",ChIJz3T30AWx54kRhgiz5y8cDJ8,41.673296,-72.843288
Lowe's Home Improvement,"31 Buckland Hills Dr, Manchester",ChIJe6l-l7lX5okRipF6dwvieeA,41.8085971,-72.5536942
Lowe's Home Improvement,"90 Berlin Rd, Cromwell",ChIJqQ4xdkdL5okRV-UJFl7rUPo,41.6035938,-72.69742529999999
Lowe's Home Improvement,"420 Winsted Rd, Torrington",ChIJszhtb7eY54kR4IxJHaRGiYI,41.8246493,-73.11116009999999
Lowe's Home Improvement,"3270 Berlin Tpke, Newington",ChIJGSsLbSaz54kRcFhn4rKr-4g,41.6595896,-72.7205962
Lowe's Home Improvement,"1094 N Colony Rd, Wallingford",ChIJdSKvNFnJ54kRrkFYBS1S5kc,41.49687429999999,-72.8069309
Lowe's Home Improvement,"500 Executive Blvd S, Southington",ChIJMcgHzCq454kR0RYyLlSkAtc,41.611711,-72.90401489999999
Lowe's Home Improvement,"348 Palmer Rd, Ware",ChIJ1bCflNK55okR_OOkLuQORZ8,42.2376641,-72.27597879999999
Lowe's Home Improvement,"1600 Boston Rd, Springfield",ChIJbzJ1PJTC5okRFWDHe9ZVXGk,42.1448119,-72.49166
Lowe’s Outlet Store,"1201 E Main St, Meriden",ChIJ-w5oPxPL54kRuHYUUQaPe4Q,41.5233415,-72.7625886
Lowe's ProServices,"90 Berlin Rd, Cromwell",ChIJ76Vy00dL5okRLr1VmcHkTio,41.6040754,-72.69743439999999
Lowe's ProServices,"325 Cottage Grove Rd, Bloomfield",ChIJD-uT2yur54kR3XbnlHeOBYQ,41.8140583,-72.7151477
Lowe's ProServices,"1560 Boston Rd, Springfield",ChIJy5r-cZTC5okRxH40KDOfTQE,42.1448527,-72.4916276
Lowe's ProServices,"3270 Berlin Tpke, Newington",ChIJTa7xuSiz54kRglD64k-Oj6Y,41.6597144,-72.7202326
Lowe's ProServices,"500 Executive Blvd S, Southington",ChIJYRPggyu454kRBJYwQSYCrII,41.6111174,-72.9039387
Lowe's Garden Center,"3270 Berlin Tpke, Newington",ChIJbfh4uiiz54kRUkRBKuAd9-4,41.6594145,-72.7215171
Lowe's ProServices,"1094 N Colony Rd, Wallingford",ChIJeQaazVjJ54kRByE8RCY7GpM,41.4970871,-72.8064287
Lowe's ProServices,"31 Buckland Hills Dr, Manchester",ChIJgWklurlX5okRbzvT9Cf4PoM,41.8084767,-72.5540864
Lowe's ProServices,"420 Winsted Rd, Torrington",ChIJyRiRVb-Y54kR11NBMSNqBU0,41.8245277,-73.1113635
Lowe's Garden Center,"325 Cottage Grove Rd, Bloomfield",ChIJ0Yg0eymr54kRK8ISmqmxJFA,41.8141334,-72.71535209999999
Lowe's ProServices,"246 New Britain Ave, Plainville",ChIJ9QNo0ASx54kRVVDAC7Weu78,41.6732633,-72.8421869
Lowe's Garden Center,"1094 N Colony Rd, Wallingford",ChIJUwYUzVjJ54kRebZ8N8HOhms,41.4964902,-72.8071259
Lowe's ProServices,"348 Palmer Rd, Ware",ChIJ03GIPs655okRf9c2agCM-74,42.2376527,-72.27615589999999
Lowe's Garden Center,"420 Winsted Rd, Torrington",ChIJcUiSqcCY54kR2RwF0LHpqAo,41.8245093,-73.1112852
Lowe's Garden Center,"500 Executive Blvd S, Southington",ChIJjemRgyu454kR1eMVHr4uEcs,41.611451,-72.9043633
Lowe's Flatbed Distribution Center - 1432,"180 Servistar Industrial Way, Westfield",ChIJRXs-2OIf54kRVd601BPFvxw,42.1557794,-72.7376106
Target- Lowes & Target,South Windsor,ChIJxV5E27hX5okRs7h-FdVK3K4,41.8093264,-72.5516997
Lowe's Air Duct Cleaning,"479 Farmington Ave Ste 116, Hartford",ChIJM69MpVxT5okRStf98LmnjAw,41.7664105,-72.7076445
Opp Lowe's,Cromwell,ChIJw6NT4kdL5okRnPPfbOj4mj8,41.6025935,-72.6977216
New Britain Ave & Lowes Theater,Plainville,ChIJS4-6jQWx54kR50FNmUixQos,41.675526,-72.8402591
The Home Depot,"136 Elm St, Enfield",ChIJAciKdtDk5okRzW-BoJNV6AM,41.9967434,-72.5761214
The Home Depot,"115 Putnam Blvd, Glastonbury",ChIJkziqrNRT5okRmFTGQA4Cjyo,41.7262916,-72.6202263
Ace Hardware-Greybull,"925 N 6th St, Greybull",ChIJZ1FAQhTHS1MR3ryPXTymWwA,44.4988669,-108.0546698
Sheridan Commercial True Value Hardware,"303 Broadway St, Sheridan",ChIJjyFw0bj6NVMRNZyr7Rrl_X8,44.8008579,-106.9530465
Wall Building Center & Construction,"109 South Blvd, Wall",ChIJYbFxXsbcfYcRH5jpzBmI6oA,43.9883772,-102.2416861
Ernies Building Center,"307 Main St, Midland",ChIJWYhkEKEAf4cRtIK6joIv7U4,44.0702773,-101.1576748
Menards,"1500 Boyer Dr, Marshall",ChIJ-fjqGwxZiocREJf_utru9Zc,44.4302341,-95.7638082
The Home Depot,"2241 W Houghton Lake Dr, Houghton Lake",ChIJTSVI6GEzIIgRI5_ksKk0Qok,44.2963166,-84.68311920000001
Lovells Home Center,"6039 Old 612 Hwy, Grayling",ChIJycsxAsl2IIgRp58NUpQzewc,44.8028087,-84.4841302
The Home Depot,"2892 Cook Rd, West Branch",ChIJ3-tfsG4BIYgRIpx5RLTZzwE,44.2513424,-84.2300814
Rose City Ace Hardware,"2727 M-33, Rose City",ChIJNSJN0QnvIIgRWz80NPAxWkw,44.4137674,-84.1178671
Dubois Lumber & Rental center,"6593 W M-72 Hwy, Grayling",ChIJR27D6bUQIIgRvz5wF680uvI,44.6554862,-84.7394607
Luzerne Hardware,"2244 Deeter Rd, Luzerne",ChIJxYEmNeBhIIgRSCa-xc4HMBk,44.6160727,-84.2715592
World Of Floors,"207 S James St, Grayling",ChIJ6aq7AzYRIIgR4-3PMP0i5Zs,44.6582229,-84.70989589999999
The Woodworkers Shoppe,"3308 N Abbe Rd, Comins",ChIJu1Ji5XqcIIgR9aG9fTwjbYg,44.7784177,-84.0503878
Flynn Lumber & Supply Co.,"2465 M-61, Gladwin",ChIJGdS7pGy9IYgRZsmn6qIO3Rs,43.980339,-84.465201
The Floor Store,"2875 W Houghton Lake Dr, Houghton Lake",ChIJmfeB9mYzIIgRzJctLWONFAQ,44.2981379,-84.6955225
Allen Lowe PC,"1101 Ottawa St, Grayling",ChIJwcO70EARIIgR_o54CC7liTA,44.6680613,-84.7084229
Continental Home Center,"2131 W Houghton Lake Dr Suite 6, Houghton Lake",ChIJTVUAJ2szIIgRiBzLGjJVmrE,44.2964884,-84.6814581
RONA+ Whitby,"4005 Garrard Rd, Whitby",ChIJk0DYBBAc1YkRrIFhqxvJsIE,43.9255338,-78.9171058
Lows Furniture,"199 Queen St, Port Perry",ChIJfVeAW2MV1YkRHiVWjvHzpvw,44.1050197,-78.9438749
Garden Centre at Rona+,"4005 Garrard Rd, Whitby",ChIJLfw3AxAc1YkRWSuIm-CeiMw,43.9255563,-78.9177589
Low's Furniture,"76 Brock St W, Uxbridge",ChIJlYtE_1g51YkRENM2LXa_Nec,44.1084762,-79.1237106
RONA Lindsay,"36 Harvest St, Lindsay",ChIJ00pGruo71YkRjoxxwuknA8Q,44.347415,-78.7687888
The Home Depot,"500 Lansdowne St W, Peterborough",ChIJEbIywB2N1YkRMzJNbyFDD-k,44.2878429,-78.3252397
RONA Cobourg Building Supplies,"1125 Division St, Cobourg",ChIJkQX46X4-04kRQuowH6ySc6U,43.9820137,-78.1760406
RONA Port Hope Building Supplies,"205 Peter St, Port Hope",ChIJyWxi0SzmP00RCY5jmUm8cJg,43.9530194,-78.2725775
The Home Depot,"120 Clarington Blvd, Bowmanville",ChIJ3xjzbywB1YkRm7bg8sn62LQ,43.9111111,-78.7097222
The Home Depot,"1481 Harmony Rd N, Oshawa",ChIJzz_Tg0Ub1YkRCeAD5RLuDsA,43.94377069999999,-78.84640399999999
The Home Depot,"4200 Garden St, Whitby",ChIJR2Ntyb8e1YkRAWLD_eM8wEc,43.9205623,-78.950238
Walmart Supercentre,"73 Strathy Rd, Cobourg",ChIJ_7EF9KLF1YkR5yH6TPZa5Mk,43.9748703,-78.2010868
The Home Depot,"1050 Depalma Dr, Cobourg",ChIJWdLmMtXF1YkR_exHgX3WfBM,43.9778992,-78.2022556
RONA Uxbridge,"8 Welwood Dr, Uxbridge",ChIJIZvjjQ4U1YkRCilNmy5QzJg,44.0885639,-79.1315268
RONA Port Perry,"1910 Scugog St, Port Perry",ChIJEy5G_70D1okRIb0JCHlAlfg,44.1012814,-78.9364217
Chemong Home Hardware Building Centre,"1699 Chemong Rd, Selwyn",ChIJB7fS9JOL1YkR_oDfDpO-p40,44.3436347,-78.3571673
Fenelon Falls Home Hardware,"140 Lindsay St, Fenelon Falls",ChIJsc35C-su1UwRD0kFQWMXC68,44.5290672,-78.7423925
Pro Desk at Rona+,"4005 Garrard Rd, Whitby",ChIJeyNSOIgd1YkRy3hkJVKIhhQ,43.9255338,-78.9171058
Clarington Home Hardware Building Centre,"2423 Rundle Rd, Bowmanville",ChIJURkg1JYB1YkRsjzlpGjR51I,43.91308,-78.74489
Lowe's Home Improvement,"10 Susie Wilson Rd, Essex Junction",ChIJO7GyFU13ykwR3UIUJ-HOli8,44.5064565,-73.1387221
Lowe's Home Improvement,"189 Hannafords Dr, South Burlington",ChIJF3oMF5F7ykwRA2m1Dz1xlTU,44.4410837,-73.21476179999999
Lowe's ProServices,"189 Hannafords Dr, South Burlington",ChIJWXtWAJF7ykwRI1hvTwHnouw,44.4410663,-73.2147834
Lowe's Garden Center,"10 Susie Wilson Rd, Essex Junction",ChIJTdkd_kx3ykwRAaMrOJwGBxA,44.5060562,-73.1383307
Lowe's ProServices,"10 Susie Wilson Rd, Essex Junction",ChIJfV47t0x3ykwR18jgL2XOVrI,44.5066266,-73.1385442
Lowe's Garden Center,"189 Hannafords Dr, South Burlington",ChIJ4SKpBZF7ykwRbxpgqQEw_VY,44.4415684,-73.21433499999999
The Home Depot,"759 Harvest Ln, Williston",ChIJ48ePruR4ykwRSZdBLk4ThgI,44.4413397,-73.1186577
Lowe Raymond Dr,"153 State St, Montpelier",ChIJV0oTvY6ntUwRWA17joraMaY,44.2625497,-72.5857669
"J.E. Lowe Construction, Inc - Excavation Company","41 Stearns Rd, Morristown",ChIJN45qaSLAtUwR8pm-TXYcXu4,44.5756902,-72.5584113
Walmart Supercenter,"282 Berlin Mall Rd, Berlin",ChIJCYssFs0HtUwRKVEnhyTHMf8,44.2160758,-72.565483
EcoSupply,"227 Pond Ln, Middlebury",ChIJ-4yE3T0UsYkRLKuUXw2AIKA,44.0342787,-73.17596309999999
Installation Services,"10 Susie Wilson Rd, Essex Junction",ChIJq6qqxkx3ykwRn29GLc2cOTA,44.5061066,-73.13826519999999
HomeGoods,"555 Shelburne St, Burlington",ChIJn1ZeCb17ykwRy3eGZItuhf4,44.4497578,-73.2108346
Larrabee's Building Supply,"1410 US-2 West, West Danville",ChIJEYjtCXNMtEwRRR1Sj-sgmNM,44.4113912,-72.16807250000001
Bibens Ace Hardware,"1961 Williston Rd, South Burlington",ChIJPWBt0zx5ykwRAM3N61FoISo,44.4601639,-73.149632
Walmart Garden Center,"282 Berlin Mall Rd, Berlin",ChIJraksFs0HtUwRBDFGnhyHuko,44.2170421,-72.5649397
Curtis Lumber Co Inc,"349 Leroy Rd, Williston",ChIJtSSqBA95ykwRUblE6uobdws,44.448781,-73.1381689
Bisbee's Ace Hardware,"109 Mad River Green, Waitsfield",ChIJ2-O_6x9ztUwRnZtzTgogO2Q,44.1838579,-72.83915449999999
Rice Lumber,"79 Shagbark Ln, Shelburne",ChIJMZ8xQjJ8ykwR_QUZYLpLohc,44.3926239,-73.2230987
"Express Appliance, Kitchen & more","14 Berard Dr, South Burlington",ChIJ5dnUqqd7ykwRvEibtr0jxT4,44.4847276,-73.17028169999999
Lowe's Home Improvement,"1400 E Yonezawa Blvd, Moses Lake",ChIJl_oYjNc4mVQRPAoVO8HEE5k,47.10574159999999,-119.2558703
Lowe's ProServices,"1400 East, Yonezawa Blvd, Moses Lake",ChIJt9gjVdY4mVQRcT1vN01cS4Y,47.1055837,-119.2558115
Lowe's Garden Center,"1400 Yonezawa Blvd, Moses Lake",ChIJq6qqVdY4mVQRifPY-NGz7GU,47.1050361,-119.2555969
Lowe's on Yonezawa Blvd.,Moses Lake,ChIJPytvLNY4mVQR9ocbCBYA45c,47.1040815,-119.2544205
Installation Services,"1400 East Yonezawa Blvd, Moses Lake",ChIJq6qqVdY4mVQRtVpB7AYj6eI,47.10551030000001,-119.2562171
Lowe's Home Improvement,"3100 N Reserve St, Missoula",ChIJqStRhFLOXVMR68ay6YEjpdA,46.89306800000001,-114.036718
Lowe's ProServices,"3100 N Reserve St, Missoula",ChIJeY4gAkXOXVMRm8EQMwfwU90,46.892992,-114.0367663
Lowe's Garden Center,"3100 N Reserve St, Missoula",ChIJi2-bBEXOXVMR-yVXoaHORYI,46.8924137,-114.0370687
The Home Depot,"2725 Radio Way, Missoula",ChIJgYi5xUbOXVMR7imtMr2tOdE,46.88954409999999,-114.0433812
Montana Ace | Eastgate,"905 E Broadway St, Missoula",ChIJ-324ti_MXVMRiskt3_yseHA,46.8679433,-113.9824568
Garden Center at The Home Depot,"2725 Radio Way, Missoula",ChIJuxrQPUfOXVMRc4o8Zuro20w,46.8892271,-114.0435898
Montana Ace | Tremper's,"Tremper's Shopping Centre, 2301 Brooks St, Missoula",ChIJW2P3c-vNXVMRlh8dcLiu28Y,46.850225,-114.0178309
Lowe Law Group,"2829 Great Northern Loop Suite B101, Missoula",ChIJiRg122nPXVMRIxVNQD2lKH8,46.8840101,-114.0332832
Installation Services,"3100 N Reserve St, Missoula",ChIJAQAAA0XOXVMRsgY-FEY6cBQ,46.8926461,-114.0364628
Menards,"1465 Menard Dr, Detroit Lakes",ChIJl2-oVVBPyFIRQv3wJPB85Us,46.8227692,-95.87491399999999
Walmart Garden Center,"1583 US-10, Detroit Lakes",ChIJk_OOWFdPyFIRGEu4ZRO4cdI,46.8254338,-95.87769740000002
Walmart Supercenter,"1583 US-10, Detroit Lakes",ChIJn15pwwT9yFIR_jRGNIrzHZg,46.8254338,-95.87769740000002
Cwikla Ace Hardware,"925 Washington Ave, Detroit Lakes",ChIJ8XbJkKtJyFIRfq0zIWrwGJM,46.81624799999999,-95.84507800000002
Ace Hardware,"130 W Main St, Perham",ChIJSxZxxmrOyVIR-Ihs5e82cuI,46.594579,-95.57316279999999
Lakeland General Store,"22438 Old 59 Rd, Pelican Rapids",ChIJ97dr0SSryVIRev9LCoBLMR0,46.6578865,-96.0269241
Strand Ace Hardware,"36 N Broadway, Pelican Rapids",ChIJa5PTLl2ryVIR9Ul0ShLck3k,46.57049629999999,-96.0842119
Bayfield Ace Hardware,"125 S Broad St, Bayfield",ChIJVYg9DUQdqVIRzfsoU0pPuK0,46.8091748,-90.81761499999999
Austin Lowes,"3865 S Mackinac Trail, Sault Ste. Marie",ChIJAQDALLI-Nk0RK8N3V8Cg0b4,46.4508257,-84.3751107
Walmart Supercentre,"446 Great Northern Rd, Sault Ste. Marie",ChIJSWQiJ3rxK4gRUzAL0efhZBA,46.5413238,-84.3150525
The Home Depot,"530 Great Northern Rd, Sault Ste. Marie",ChIJGxQ-lps3Nk0ReuLJSl-V0Cc,46.5432543,-84.31500539999999
Lock City Home Center,"499 W Spruce St, Sault Ste. Marie",ChIJ17gHFqI5Nk0Rp2wqlaNv-4Q,46.4984378,-84.355732
Soo Mill,"539 Great Northern Rd, Sault Ste. Marie",ChIJdw9b7ps3Nk0RWTat5AXT7hM,46.5435182,-84.3201977
Walmart Garden Center,"3763 I-75 Business Spur, Sault Ste. Marie",ChIJN4Fy2Uc5Nk0RLVMPu_UvQBc,46.4647304,-84.365454
Walmart Garden Centre,"446 Great Northern Rd, Sault Ste. Marie",ChIJqQruyBc3Nk0RSiBeOlQF9E0,46.541357,-84.3149935
Soo Builders Supply Co,"705 Johnston St, Sault Ste. Marie",ChIJr8WVA6o5Nk0RScz6n8D6APA,46.492657,-84.3409518
Lyons Timber Mart Wellington,"500 Wellington St W, Sault Ste. Marie",ChIJfwXHxt85Nk0RAiWntedMG34,46.5291192,-84.34944159999999
Sims Countertops,"1244 Great Northern Rd, Sault Ste. Marie",ChIJb0UuZao3Nk0RpT8jaDvRIAc,46.5652367,-84.32004669999999
Lyons Timber Mart Black Rd,"43 Black Rd, Sault Ste. Marie",ChIJaetXcgg4Nk0R7lRTfe6Qiw8,46.51728019999999,-84.2881562
Sault Ste. Marie Electricians at The Home Depot,"530 Great Northern Rd, Sault Ste. Marie",ChIJReOujlA3Nk0RqU9cIae_CTE,46.5432456,-84.3151164
Tsc Stores,"695 Great Northern Rd, Sault Ste. Marie",ChIJVVUVIZ83Nk0Rbxz2JUwMs8c,46.5469216,-84.3200774
Heritage Home Hardware Building Centre - Sault Ste. Marie,"594 Second Line E, Sault Ste. Marie",ChIJQQtnoYQ3Nk0Rd2J22P9nmrE,46.5392172,-84.3207376
Heritage Home Hardware Building Centre,"3478 ON-17B, Echo Bay",ChIJo5PbMkhaNk0RFgQCQsyq5CY,46.4735678,-84.0670559
Sault Ste. Marie Garage Door Installers at the Home Depot,"530 Great Northern Rd, Sault Ste. Marie",ChIJ5eCBBmY3Nk0RY-yKbEYywtw,46.5432456,-84.3151164
Sault Ste. Marie HVAC Contractors at The Home Depot,"530 Great Northern Rd, Sault Ste. Marie",ChIJQ_mrTXs3Nk0Rr7ePuhMWmv4,46.5432456,-84.3151164
Sault Ste. Marie Cabinet Refacing at The Home Depot,"530 Great Northern Rd, Sault Ste. Marie",ChIJa76sC-k3Nk0R6tq-ARbbH54,46.5432456,-84.3151164
Sault Ste. Marie Water Heater Installation at The Home Depot,"530 Great Northern Rd, Sault Ste. Marie",ChIJpcZf9wY3Nk0RBJAEp3nB9Ho,46.5432456,-84.3151164
Sault Ste. Marie HVAC Repair & Maintenance at the Home Depot,"530 Great Northern Rd, Sault Ste. Marie",ChIJyQ4gpkM3Nk0RHB0Bjp2dhmA,46.5432456,-84.3151164
The Home Depot,"388 Lerwick Rd, Courtenay",ChIJ4fcrjsUTiFQR25rpojjpwUQ,49.7121582,-124.9648437
Parksville Home Building Centre,"1395 Island Hwy W, Parksville",ChIJGzbPHmePiFQR5mGl6m8Xe6w,49.3487339,-124.3736344
Windsor Plywood,"1580 Sunrise Dr, Parksville",ChIJrVU1BGePiFQRK1ybXtZMYHQ,49.3489198,-124.3691481
Canadian Tire,"3550 Johnston Rd #51, Port Alberni",ChIJSZ7u2e32iFQR1-G1vUOCYvU,49.2653082,-124.7848199
Windsor Plywood,"2843 Kilpatrick Ave, Courtenay",ChIJa3LWtIAUiFQRK5ITC5wB0H0,49.671891,-124.9837191
Central Builders - Home Hardware Building Centre,"610 Anderton Ave, Courtenay",ChIJsZr93ooTiFQRKrqrX5BxpYY,49.690797,-124.9954557
Pacific West Home Solutions,"3540 3rd Ave, Port Alberni",ChIJq18Zejv3iFQRFxaxBwZGAhM,49.2413569,-124.808079
Weatherwise Timber Products,"1282 Alberni Hwy, Parksville",ChIJVTg1zMWPiFQR7KiPLkvGSNA,49.3050649,-124.3532202
Bowser Builders' Supply Ltd,"7021 Island Hwy W, Bowser",ChIJNQPr7WlhiFQRGqp-EUyyTlU,49.435757,-124.67549
RONA Penticton,"348 Duncan Ave W, Penticton",ChIJH661juCJglQRdUzltuiKOFE,49.4841997,-119.5988845
Lowe Slough,Cawston,ChIJq3Am_wrmglQRFl5ONDiQR7Y,49.1729541,-119.7601014
Home Hardware Building Centre,"150 Fairview Pl, Penticton",ChIJJ0dzteeJglQReiSDLtUfWCI,49.4805376,-119.5970409
P & E Lumber,"228 Green Mountain Rd, Penticton",ChIJmQdT9gCKglQRgLD98z0s0uw,49.47835420000001,-119.6024071
RONA+ Lethbridge,"3849 Mayor Magrath Dr S, Lethbridge",ChIJ9zcdHuGFblMRCDtZvj8rUhs,49.6556982,-112.7889373
Garden Centre at Rona+,"3849 Mayor Magrath Dr S, Lethbridge",ChIJ5_pont-FblMRaokgXIC5Phk,49.6552809,-112.7894306
The Home Depot,"3708 Mayor Magrath Dr S, Lethbridge",ChIJ4Thw6HSGblMRq_zJp9Y9hIc,49.655478,-112.7962839
RONA Lethbridge,"2260 32 St S, Lethbridge",ChIJmRwpt26GblMRR-w8lUgZCpw,49.6707498,-112.7958795
RONA Pincher Creek,"871 Elk Ave, Pincher Creek",ChIJNe-n92sKb1MRnvV1pnKwOmw,49.4822792,-113.9337601
Bakers Appliances,"1107 2 Ave S, Lethbridge",ChIJ-T_hk8mHblMR4OQhxB4jSS4,49.6974137,-112.830594
Home Hardware,"Towne Centre, 550 University Dr W #30, Lethbridge",ChIJtfPyXUKIblMR33yBf3Xhw6k,49.69334869999999,-112.8939413
Kitchen Design at Rona+,"3849 Mayor Magrath Dr S, Lethbridge",ChIJzX94phGFblMRbXLpJgnzo-g,49.6556198,-112.7890956
Lethbridge Water Heater Installation at The Home Depot,"3708 Mayor Magrath Dr S, Lethbridge",ChIJ5VBadYiHblMRUJ7aRK3eXTY,49.6557881,-112.7968413
Pro Desk at Rona+,"3849 Mayor Magrath Dr S, Lethbridge",ChIJsdk7A76FblMRCLPnPWnmwes,49.6556982,-112.7889373
Cardston Home Hardware Building Centre,"336 Main St, Cardston",ChIJg9wtvCknb1MRcFhXFqv4MHM,49.1981235,-113.3013506
Lone Rock LED,"1176 9 Ave W, Cardston",ChIJh3vLWrgmb1MRS_U7uQoTcGI,49.1867903,-113.33047
Aaron Lowe Massage Therapy,"111 7 St S, Lethbridge",ChIJlajxRjOHblMR9Hfm7UGWcIk,49.6975388,-112.8368423
RONA La Broquerie Lumber,"23 Lumber Ave, La Broquerie",ChIJRa87WmQ4wFIRkb1W-AXrnjw,49.5181009,-96.51902849999999
